year,month,day,weekday,distance,speed_avg,bpm_avg
2026,5,18,mon,11,6,
2026,5,19,tue,0,,
2026,5,20,wed,18,6,
2026,5,21,thu,0,,
2026,5,22,fri,11,5.51,
2026,5,23,sat,7.92,5.19,165
2026,5,24,sun,0,,
2026,5,25,mon,20,6,155
2026,5,26,tue,0,,
2026,5,27,wed,0,,
2026,5,28,thu,8.27,5.36,160
2026,5,29,fri,10.57,5.17,167
2026,5,30,sat,0,,
2026,5,31,sun,0,,
2026,6,1,mon,0,,
2026,6,2,tue,4.68,5.25,167
2026,6,3,wed,22,6,155
2026,6,4,thu,10.09,6.29,147
2026,6,5,fri,0,,
2026,6,6,sat,10.1,5.47,168
2026,6,7,sun,0,,
2026,6,8,mon,24,6,161
2026,6,9,tue,0,,
2026,6,10,wed,5,6.06,160
2026,6,11,thu,0,,
2026,6,12,fri,10.2,5.39,164
2026,6,13,sat,0,,
2026,6,14,sun,0,,
2026,6,15,mon,0,,
2026,6,16,tue,0,,
2026,6,17,wed,0,,
2026,6,18,thu,0,,
2026,6,19,fri,0,,
2026,6,20,sat,0,,
2026,6,21,sun,0,,
2026,6,22,mon,0,,
2026,6,23,tue,0,,
2026,6,24,wed,0,,
2026,6,25,thu,0,,
2026,6,26,fri,0,,
2026,6,27,sat,0,,
2026,6,28,sun,0,,
2026,6,29,mon,0,,
2026,6,30,tue,0,,
2026,7,1,wed,0,,
2026,7,2,thu,0,,
2026,7,3,fri,0,,
2026,7,4,sat,0,,
2026,7,5,sun,0,,
2026,7,6,mon,0,,
2026,7,7,tue,0,,
2026,7,8,wed,0,,
2026,7,9,thu,0,,
2026,7,10,fri,0,,
2026,7,11,sat,0,,
2026,7,12,sun,0,,
2026,7,13,mon,0,,
2026,7,14,tue,0,,
2026,7,15,wed,0,,
2026,7,16,thu,0,,
2026,7,17,fri,0,,
2026,7,18,sat,0,,
2026,7,19,sun,0,,
2026,7,20,mon,0,,
2026,7,21,tue,0,,
2026,7,22,wed,0,,
2026,7,23,thu,0,,
2026,7,24,fri,0,,
2026,7,25,sat,0,,
2026,7,26,sun,0,,
2026,7,27,mon,5.16,6.09,172
2026,7,28,tue,0,,
2026,7,29,wed,6.11,6,168
2026,7,30,thu,0,,
2026,7,31,fri,0,,
2026,8,1,sat,0,,
2026,8,2,sun,0,,
2026,8,3,mon,0,,
2026,8,4,tue,0,,
2026,8,5,wed,10.22,5.4,163
2026,8,6,thu,0,,
2026,8,7,fri,0,,
2026,8,8,sat,0,,
2026,8,9,sun,0,,
2026,8,10,mon,0,,
2026,8,11,tue,0,,
2026,8,12,wed,0,,
2026,8,13,thu,0,,
2026,8,14,fri,0,,
2026,8,15,sat,0,,
2026,8,16,sun,0,,
2026,8,17,mon,0,,
2026,8,18,tue,0,,
2026,8,19,wed,0,,
2026,8,20,thu,0,,
2026,8,21,fri,0,,
2026,8,22,sat,0,,
2026,8,23,sun,0,,
2026,8,24,mon,0,,
2026,8,25,tue,0,,
2026,8,26,wed,0,,
2026,8,27,thu,0,,
2026,8,28,fri,0,,
2026,8,29,sat,0,,
2026,8,30,sun,5.35,6.2,153
2026,8,31,mon,0,,
2026,9,1,tue,5.06,5.17,167
2026,9,2,wed,6.26,5.28,172
2026,9,3,thu,4.95,5.37,168
2026,9,4,fri,0,,
2026,9,5,sat,0,,
2026,9,6,sun,0,,
2026,9,7,mon,0,,
2026,9,8,tue,5.75,5.22,168
2026,9,9,wed,0,,
2026,9,10,thu,0,,
2026,9,11,fri,0,,
2026,9,12,sat,0,,
2026,9,13,sun,0,,
2026,9,14,mon,0,,
2026,9,15,tue,0,,
2026,9,16,wed,0,,
2026,9,17,thu,0,,
2026,9,18,fri,0,,
2026,9,19,sat,0,,
2026,9,20,sun,0,,
2026,9,21,mon,7.43,5.58,152
2026,9,22,tue,0,,
2026,9,23,wed,0,,
2026,9,24,thu,0,,
2026,9,25,fri,0,,
2026,9,26,sat,0,,
2026,9,27,sun,0,,
2026,9,28,mon,0,,
2026,9,29,tue,0,,
2026,9,30,wed,6.04,5.25,168
2026,10,1,thu,8.66,5.47,168
2026,10,2,fri,0,,
